{"initial_reset_timestamp": 1595965543.860361, "timestamps": [1595965547.9515264], "episode_lengths": [119], "episode_rewards": [-119.0], "episode_types": ["t"]}