{"initial_reset_timestamp": 1595107375.0361576, "timestamps": [1595107380.98262], "episode_lengths": [175], "episode_rewards": [-175.0], "episode_types": ["t"]}