{"initial_reset_timestamp": 1595457541.768074, "timestamps": [1595457559.1187046], "episode_lengths": [1000], "episode_rewards": [-1000.0], "episode_types": ["t"]}