{"initial_reset_timestamp": 1595776167.3042674, "timestamps": [1595776170.5141773], "episode_lengths": [181], "episode_rewards": [-181.0], "episode_types": ["t"]}