{"initial_reset_timestamp": 1595274792.8884299, "timestamps": [1595274798.53945], "episode_lengths": [200], "episode_rewards": [-200.0], "episode_types": ["t"]}