{"initial_reset_timestamp": 1595766207.6685884, "timestamps": [1595766217.8226237], "episode_lengths": [566], "episode_rewards": [-566.0], "episode_types": ["t"]}