{"initial_reset_timestamp": 1595807651.0971682, "timestamps": [1595807653.959855], "episode_lengths": [158], "episode_rewards": [-158.0], "episode_types": ["t"]}