{"initial_reset_timestamp": 1595274877.6936421, "timestamps": [1595274881.0362618], "episode_lengths": [185], "episode_rewards": [-185.0], "episode_types": ["t"]}