{"initial_reset_timestamp": 1595776104.0706432, "timestamps": [1595776109.5480402], "episode_lengths": [311], "episode_rewards": [-311.0], "episode_types": ["t"]}