{"initial_reset_timestamp": 1595766607.031204, "timestamps": [1595766613.2452037], "episode_lengths": [364], "episode_rewards": [-364.0], "episode_types": ["t"]}