{"initial_reset_timestamp": 1595807709.7116346, "timestamps": [1595807712.9870706], "episode_lengths": [180], "episode_rewards": [-180.0], "episode_types": ["t"]}