{"initial_reset_timestamp": 1595807834.2713337, "timestamps": [1595807837.2567468], "episode_lengths": [164], "episode_rewards": [-164.0], "episode_types": ["t"]}