{"initial_reset_timestamp": 1595281361.268332, "timestamps": [1595281365.2724864], "episode_lengths": [226], "episode_rewards": [-226.0], "episode_types": ["t"]}