{"initial_reset_timestamp": 1595766670.9796872, "timestamps": [1595766680.2408068], "episode_lengths": [546], "episode_rewards": [-546.0], "episode_types": ["t"]}