{"initial_reset_timestamp": 1595477709.6332948, "timestamps": [1595477723.641696], "episode_lengths": [781], "episode_rewards": [-781.0], "episode_types": ["t"]}