{"initial_reset_timestamp": 1595804622.5873933, "timestamps": [1595804629.152888], "episode_lengths": [369], "episode_rewards": [-369.0], "episode_types": ["t"]}