{"initial_reset_timestamp": 1595275597.7605686, "timestamps": [1595275602.416101], "episode_lengths": [264], "episode_rewards": [-264.0], "episode_types": ["t"]}