{"initial_reset_timestamp": 1595275551.4357502, "timestamps": [1595275556.428559], "episode_lengths": [283], "episode_rewards": [-283.0], "episode_types": ["t"]}