{"initial_reset_timestamp": 1595457305.1816385, "timestamps": [1595457309.192695], "episode_lengths": [200], "episode_rewards": [-200.0], "episode_types": ["t"]}