{"initial_reset_timestamp": 1595457214.480025, "timestamps": [1595457235.3268595], "episode_lengths": [1200], "episode_rewards": [-1200.0], "episode_types": ["t"]}