{"initial_reset_timestamp": 1595457386.5469913, "timestamps": [1595457390.4753144], "episode_lengths": [200], "episode_rewards": [-200.0], "episode_types": ["t"]}