{"initial_reset_timestamp": 1595458740.3731673, "timestamps": [1595458744.4646912], "episode_lengths": [200], "episode_rewards": [-200.0], "episode_types": ["t"]}