{"initial_reset_timestamp": 1595197615.3979855, "timestamps": [1595197620.0571575], "episode_lengths": [125], "episode_rewards": [-125.0], "episode_types": ["t"]}