{"initial_reset_timestamp": 1595197825.6788073, "timestamps": [1595197829.7118526], "episode_lengths": [118], "episode_rewards": [-118.0], "episode_types": ["t"]}