{"initial_reset_timestamp": 1595110795.1291127, "timestamps": [1595110799.3594663], "episode_lengths": [124], "episode_rewards": [-124.0], "episode_types": ["t"]}